<beans xmlns="http://www.springframework.org/schema/beans"
    xmlns:mvc="http://www.springframework.org/schema/mvc"
	xmlns:context="http://www.springframework.org/schema/context"
	xmlns:xsi="http://www.w3.org/2001/XMLSchema-instance"
	xmlns:tx="http://www.springframework.org/schema/tx"
	xsi:schemaLocation="
        http://www.springframework.org/schema/beans     
        http://www.springframework.org/schema/beans/spring-beans-3.0.xsd
        http://www.springframework.org/schema/mvc
        http://www.springframework.org/schema/mvc/spring-mvc-3.0.xsd
        http://www.springframework.org/schema/tx 
        http://www.springframework.org/schema/tx/spring-tx-3.0.xsd
        http://www.springframework.org/schema/context 
        http://www.springframework.org/schema/context/spring-context-3.0.xsd">

   <context:component-scan base-package="org.hanbo.mvc.controller" />
   <context:component-scan base-package="org.hanbo.mvc.entities" />
    
   <mvc:resources mapping="/assets/**" location="/assets/" />
    
   <mvc:annotation-driven />
    
   <bean
      class="org.springframework.web.servlet.view.InternalResourceViewResolver">
      <property name="prefix">
         <value>/WEB-INF/pages/</value>
      </property>
      <property name="suffix">
         <value>.jsp</value>
      </property>
   </bean>
   
    <bean id="myDataSource" class="org.apache.commons.dbcp.BasicDataSource" destroy-method="close">
       <property name="driverClassName" value="org.h2.Driver"/>
       <property name="url" value="jdbc:h2:tcp://localhost/~/pickzkartreglogin"/>
       <property name="username" value="sa"/>
       <property name="password" value=""/>
       <property name="maxActive" value="8"/>
       <property name="maxIdle" value="4"/>
       <property name="maxWait" value="900000"/>
       <property name="validationQuery" value="SELECT 1" />
       <property name="testOnBorrow" value="true" />
    </bean>
    
    <bean id="mySessionFactory" class="org.springframework.orm.hibernate4.LocalSessionFactoryBean">
      <property name="dataSource" ref="myDataSource"/>
      <property name="packagesToScan">
        <array>
          <value>org.hanbo.mvc.entities</value>
        </array>
      </property>
      <property name="hibernateProperties">
        <props>
          <prop key="hibernate.dialect"> org.hibernate.dialect.H2Dialect</prop>
          <prop key="hibernate.cache.provider_class">org.hibernate.cache.NoCacheProvider</prop>
          <prop key="hibernate.search.default.directory_provider">org.hibernate.search.store.impl.FSDirectoryProvider</prop>
          <prop key="hibernate.search.default.indexBase">C:\Users\welcome\Desktop\New folder</prop>
        </props>
      </property>
    </bean>

    <bean id="transactionManager" class="org.springframework.orm.hibernate4.HibernateTransactionManager">
      <property name="sessionFactory" ref="mySessionFactory"/>
    </bean>
    
    <tx:annotation-driven transaction-manager="transactionManager"/>

</beans>